{
    "manufacturer": "Apple",
    "model_name": "iPhone 13",
    "release_date": "2021, September 24",
    "display_size": "6.1 inches",
    "display_type": "Super Retina XDR OLED, HDR10, Dolby Vision",
    "display_resolution": "1170 x 2532 pixels",
    "processor_chipset": "Apple A15 Bionic (5 nm)",
    "processor_cpu": "Hexa-core (2x3.23 GHz Avalanche + 4x1.82 GHz Blizzard)",
    "main_camera": "12 MP, f/1.6, 26mm (wide), 1.7µm, dual pixel PDAF, sensor-shift OIS",
    "battery_capacity": "3240 mAh",
    "memory": "4GB RAM, 128GB storage"
}