{
    "manufacturer": "Apple",
    "model_name": "iPhone 14",
    "release_date": "2022, September 16",
    "display_size": "6.1 inches",
    "display_type": "Super Retina XDR OLED, HDR10, Dolby Vision",
    "display_resolution": "1170 x 2532 pixels",
    "processor_chipset": "Apple A15 Bionic (5 nm)",
    "processor_cpu": "Hexa-core (2x3.23 GHz Avalanche + 4x1.82 GHz Blizzard)",
    "main_camera": "12 MP, f/1.5, 26mm (wide), 1/1.7\", 1.9µm, dual pixel PDAF, sensor-shift OIS",
    "battery_capacity": "3279 mAh",
    "memory": "6GB RAM, 128GB storage"
}