{
    "manufacturer": "Samsung",
    "model_name": "Galaxy S22",
    "release_date": "2022, February 25",
    "display_size": "6.1 inches",
    "display_type": "Dynamic AMOLED 2X, 120Hz, HDR10+",
    "display_resolution": "1080 x 2340 pixels",
    "processor_chipset": "Exynos 2200 (4 nm)",
    "processor_cpu": "Octa-core (1x2.8 GHz Cortex-X2 & 3x2.50 GHz Cortex-A710 & 4x1.8 GHz Cortex-A510)",
    "main_camera": "50 MP, f/1.8, 24mm (wide), 1/1.56\", 1.0µm, Dual Pixel PDAF, OIS",
    "battery_capacity": "3700 mAh",
    "memory": "8GB RAM, 256GB storage"
}