{
    "manufacturer": "Samsung",
    "model_name": "Galaxy S21",
    "release_date": "2021, January 29",
    "display_size": "6.2 inches",
    "display_type": "Dynamic AMOLED 2X, 120Hz, HDR10+",
    "display_resolution": "1080 x 2400 pixels",
    "processor_chipset": "Exynos 2100 (5 nm)",
    "processor_cpu": "Octa-core (1x2.9 GHz Cortex-X1 & 3x2.80 GHz Cortex-A78 & 4x2.2 GHz Cortex-A55)",
    "main_camera": "12 MP, f/1.8, 26mm (wide), 1/1.76\", 1.8µm, Dual Pixel PDAF, OIS",
    "battery_capacity": "4000 mAh",
    "memory": "8GB RAM, 128GB storage"
}