{
    "manufacturer": "Xiaomi",
    "model_name": "Redmi Note 10",
    "release_date": "2021, March 16",
    "display_size": "6.43 inches",
    "display_type": "AMOLED, 450 nits (typ), 1100 nits (peak)",
    "display_resolution": "1080 x 2400 pixels",
    "processor_chipset": "Qualcomm Snapdragon 678 (11 nm)",
    "processor_cpu": "Octa-core (2x2.2 GHz Kryo 460 Gold & 6x1.7 GHz Kryo 460 Silver)",
    "main_camera": "48 MP, f/1.8, 26mm (wide), 1/2.0\", 0.8µm, PDAF",
    "battery_capacity": "5000 mAh",
    "memory": "4GB RAM, 64GB storage"
}